{
    "name": "//ni?lower=0&upper=3.1459",
        "method": "GET",
        "last_request_timestamp": 1704323107.2439795,
        "start_time": 1704322930.825995,
        "num_requests": 169,
        "num_none_requests": 0,
        "num_failures": 0,
        "total_response_time": 14577720.34815012,
        "max_response_time": 163105.68851901917,
        "min_response_time": 2644.598701968789,
        "total_content_length": 18928,
        "response_times": {
            "2600.0": 1,
            "7700.0": 1,
            "5100.0": 1,
            "10000.0": 1,
            "13000.0": 1,
            "15000.0": 1,
            "14000.0": 1,
            "16000.0": 1,
            "18000.0": 2,
            "17000.0": 1,
            "19000.0": 1,
            "20000.0": 1,
            "21000.0": 1,
            "23000.0": 1,
            "22000.0": 1,
            "24000.0": 1,
            "27000.0": 1,
            "25000.0": 1,
            "29000.0": 2,
            "31000.0": 1,
            "33000.0": 1,
            "34000.0": 1,
            "35000.0": 1,
            "37000.0": 1,
            "36000.0": 1,
            "38000.0": 1,
            "41000.0": 1,
            "39000.0": 1,
            "40000.0": 2,
            "44000.0": 1,
            "43000.0": 1,
            "42000.0": 1,
            "45000.0": 1,
            "46000.0": 2,
            "47000.0": 1,
            "48000.0": 1,
            "49000.0": 2,
            "50000.0": 1,
            "51000.0": 1,
            "53000.0": 1,
            "52000.0": 1,
            "54000.0": 1,
            "57000.0": 1,
            "55000.0": 1,
            "58000.0": 2,
            "56000.0": 1,
            "59000.0": 1,
            "61000.0": 1,
            "60000.0": 1,
            "62000.0": 1,
            "64000.0": 1,
            "63000.0": 1,
            "65000.0": 1,
            "66000.0": 1,
            "68000.0": 2,
            "67000.0": 1,
            "69000.0": 1,
            "70000.0": 1,
            "71000.0": 1,
            "73000.0": 2,
            "72000.0": 1,
            "74000.0": 1,
            "76000.0": 2,
            "75000.0": 1,
            "78000.0": 1,
            "79000.0": 1,
            "77000.0": 1,
            "80000.0": 2,
            "82000.0": 2,
            "84000.0": 2,
            "83000.0": 1,
            "86000.0": 1,
            "85000.0": 1,
            "90000.0": 1,
            "88000.0": 1,
            "87000.0": 1,
            "89000.0": 1,
            "93000.0": 1,
            "92000.0": 1,
            "91000.0": 1,
            "95000.0": 1,
            "94000.0": 2,
            "97000.0": 1,
            "96000.0": 2,
            "98000.0": 1,
            "99000.0": 1,
            "100000.0": 1,
            "102000.0": 2,
            "103000.0": 1,
            "101000.0": 1,
            "104000.0": 1,
            "105000.0": 1,
            "107000.0": 1,
            "108000.0": 1,
            "106000.0": 1,
            "109000.0": 1,
            "112000.0": 2,
            "110000.0": 1,
            "111000.0": 1,
            "113000.0": 1,
            "114000.0": 1,
            "115000.0": 1,
            "116000.0": 1,
            "117000.0": 2,
            "120000.0": 2,
            "118000.0": 1,
            "119000.0": 1,
            "121000.0": 1,
            "122000.0": 1,
            "124000.0": 1,
            "125000.0": 1,
            "123000.0": 1,
            "127000.0": 1,
            "126000.0": 2,
            "129000.0": 1,
            "128000.0": 2,
            "130000.0": 1,
            "132000.0": 1,
            "131000.0": 1,
            "133000.0": 1,
            "136000.0": 1,
            "135000.0": 1,
            "134000.0": 1,
            "138000.0": 2,
            "137000.0": 1,
            "139000.0": 1,
            "140000.0": 1,
            "143000.0": 1,
            "142000.0": 1,
            "145000.0": 1,
            "149000.0": 1,
            "148000.0": 1,
            "147000.0": 1,
            "151000.0": 2,
            "150000.0": 1,
            "152000.0": 1,
            "154000.0": 1,
            "155000.0": 1,
            "153000.0": 1,
            "157000.0": 1,
            "156000.0": 1,
            "158000.0": 1,
            "159000.0": 1,
            "160000.0": 1,
            "161000.0": 2,
            "163000.0": 1
        },
        "num_reqs_per_sec": {
            "1704322930": 1,
            "1704322935": 1,
            "1704322933": 1,
            "1704322938": 1,
            "1704322941": 1,
            "1704322943": 1,
            "1704322942": 1,
            "1704322944": 1,
            "1704322947": 1,
            "1704322946": 1,
            "1704322945": 1,
            "1704322948": 1,
            "1704322949": 1,
            "1704322950": 1,
            "1704322952": 1,
            "1704322951": 1,
            "1704322953": 1,
            "1704322956": 1,
            "1704322954": 1,
            "1704322958": 1,
            "1704322959": 1,
            "1704322961": 1,
            "1704322962": 1,
            "1704322964": 1,
            "1704322965": 1,
            "1704322967": 1,
            "1704322966": 1,
            "1704322968": 1,
            "1704322971": 2,
            "1704322969": 1,
            "1704322970": 1,
            "1704322974": 1,
            "1704322973": 1,
            "1704322972": 1,
            "1704322975": 1,
            "1704322976": 1,
            "1704322977": 1,
            "1704322978": 1,
            "1704322979": 1,
            "1704322980": 1,
            "1704322982": 1,
            "1704322981": 1,
            "1704322983": 1,
            "1704322985": 1,
            "1704322984": 1,
            "1704322986": 1,
            "1704322989": 1,
            "1704322987": 1,
            "1704322990": 1,
            "1704322988": 1,
            "1704322992": 1,
            "1704322991": 1,
            "1704322994": 1,
            "1704322993": 1,
            "1704322995": 1,
            "1704322997": 1,
            "1704322996": 1,
            "1704322998": 1,
            "1704322999": 1,
            "1704323001": 1,
            "1704323002": 1,
            "1704323000": 1,
            "1704323003": 2,
            "1704323004": 1,
            "1704323006": 1,
            "1704323005": 1,
            "1704323007": 1,
            "1704323008": 1,
            "1704323010": 2,
            "1704323009": 1,
            "1704323012": 1,
            "1704323013": 1,
            "1704323011": 1,
            "1704323015": 1,
            "1704323016": 1,
            "1704323014": 1,
            "1704323019": 1,
            "1704323018": 1,
            "1704323017": 1,
            "1704323022": 1,
            "1704323020": 1,
            "1704323021": 1,
            "1704323026": 1,
            "1704323024": 1,
            "1704323023": 1,
            "1704323025": 1,
            "1704323029": 2,
            "1704323028": 1,
            "1704323027": 1,
            "1704323031": 1,
            "1704323030": 1,
            "1704323034": 1,
            "1704323033": 1,
            "1704323032": 1,
            "1704323035": 1,
            "1704323036": 1,
            "1704323037": 1,
            "1704323039": 1,
            "1704323041": 1,
            "1704323040": 1,
            "1704323038": 1,
            "1704323042": 1,
            "1704323043": 1,
            "1704323045": 1,
            "1704323046": 1,
            "1704323044": 1,
            "1704323047": 1,
            "1704323050": 2,
            "1704323048": 1,
            "1704323049": 1,
            "1704323051": 1,
            "1704323052": 1,
            "1704323053": 1,
            "1704323054": 1,
            "1704323055": 1,
            "1704323059": 2,
            "1704323057": 1,
            "1704323058": 1,
            "1704323056": 1,
            "1704323060": 1,
            "1704323061": 1,
            "1704323063": 1,
            "1704323064": 1,
            "1704323062": 1,
            "1704323067": 1,