{
    "name": "/ni?lower=0&upper=3.1459",
        "method": "GET",
        "last_request_timestamp": 1704323460.075305,
        "start_time": 1704323281.8375177,
        "num_requests": 11214,
        "num_none_requests": 0,
        "num_failures": 10215,
        "total_response_time": 60554173.23061463,
        "max_response_time": 136359.12017000373,
        "min_response_time": 44.698335987050086,
        "total_content_length": 115884,
        "response_times": {
            "1400.0": 1,
            "1600.0": 2,
            "1300.0": 1,
            "4600.0": 2,
            "3000.0": 2,
            "3100.0": 23,
            "4000.0": 2,
            "1800.0": 1,
            "2000.0": 6,
            "1700.0": 1,
            "4400.0": 3,
            "2700.0": 1,
            "2100.0": 17,
            "1200.0": 2,
            "4100.0": 5,
            "6400.0": 3,
            "6000.0": 2,
            "2500.0": 1,
            "6700.0": 1,
            "6900.0": 1,
            "7000.0": 3,
            "6800.0": 2,
            "6100.0": 2,
            "2300.0": 2,
            "5600.0": 1,
            "5300.0": 5,
            "7600.0": 1,
            "8400.0": 2,
            "7900.0": 3,
            "8600.0": 5,
            "7400.0": 4,
            "5100.0": 1,
            "9400.0": 2,
            "3500.0": 1,
            "7500.0": 2,
            "9000.0": 3,
            "9100.0": 4,
            "10000.0": 24,
            "9200.0": 4,
            "11000.0": 79,
            "7300.0": 7,
            "7200.0": 5,
            "9700.0": 10,
            "6200.0": 2,
            "9500.0": 1,
            "9300.0": 26,
            "12000.0": 19,
            "8100.0": 1,
            "13000.0": 34,
            "8700.0": 19,
            "8300.0": 13,
            "14000.0": 21,
            "15000.0": 21,
            "16000.0": 16,
            "18000.0": 12,
            "17000.0": 16,
            "23000.0": 20,
            "21000.0": 11,
            "19000.0": 11,
            "20000.0": 14,
            "22000.0": 9,
            "24000.0": 14,
            "26000.0": 15,
            "25000.0": 14,
            "29000.0": 19,
            "31000.0": 14,
            "32000.0": 14,
            "28000.0": 36,
            "27000.0": 6,
            "30000.0": 5,
            "33000.0": 14,
            "34000.0": 23,
            "35000.0": 62,
            "8200.0": 6,
            "36000.0": 112,
            "37000.0": 132,
            "38000.0": 72,
            "39000.0": 69,
            "41000.0": 34,
            "40000.0": 48,
            "42000.0": 40,
            "44000.0": 21,
            "43000.0": 24,
            "45000.0": 20,
            "46000.0": 16,
            "47000.0": 18,
            "48000.0": 24,
            "51000.0": 13,
            "50000.0": 13,
            "54000.0": 14,
            "49000.0": 17,
            "52000.0": 26,
            "53000.0": 17,
            "55000.0": 16,
            "65000.0": 6,
            "57000.0": 9,
            "66000.0": 15,
            "56000.0": 9,
            "59000.0": 7,
            "68000.0": 41,
            "70000.0": 12,
            "69000.0": 11,
            "67000.0": 11,
            "9800.0": 4,
            "66": 235,
            "67": 226,
            "73": 133,
            "72": 201,
            "53": 303,
            "50": 649,
            "49": 753,
            "52": 340,
            "54": 300,
            "47": 661,
            "51": 491,
            "48": 798,
            "8500.0": 12,
            "550.0": 1,
            "60000.0": 3,
            "63": 166,
            "62": 171,
            "71": 196,
            "68": 219,
            "55": 250,
            "56": 323,
            "58": 326,
            "61": 202,
            "46": 272,
            "8900.0": 1,
            "63000.0": 3,
            "7100.0": 1,
            "7700.0": 2,
            "2400.0": 1,
            "64": 172,
            "65": 177,
            "77": 27,
            "74": 101,
            "69": 239,
            "76": 54,
            "130.0": 16,
            "57": 304,
            "60": 231,
            "75": 78,
            "1100.0": 12,
            "70": 229,
            "78": 19,
            "79": 11,
            "59": 266,
            "7800.0": 1,
            "58000.0": 3,
            "61000.0": 3,
            "3200.0": 13,
            "1000.0": 1,
            "3700.0": 1,
            "71000.0": 21,
            "80": 8,
            "5200.0": 10,
            "100.0": 30,
            "45": 9,
            "72000.0": 12,
            "110.0": 8,
            "97": 3,
            "99": 3,
            "96": 2,
            "94": 3,
            "120.0": 13,
            "98": 5,
            "95": 7,
            "83": 4,
            "180.0": 54,
            "190.0": 15,
            "170.0": 57,
            "200.0": 20,
            "4300.0": 2,
            "89": 2,
            "90": 7,
            "81": 6,
            "82": 8,
            "2200.0": 4,
            "84": 3,
            "3300.0": 1,
            "92": 3,
            "91": 2,
            "4200.0": 5,
            "210.0": 6,
            "350.0": 1,
            "77000.0": 7,
            "140.0": 4,
            "87": 2,
            "88": 1,
            "9600.0": 9,
            "62000.0": 1,
            "105000.0": 2,
            "125000.0": 1,
            "136000.0": 10,
            "133000.0": 5,
            "134000.0": 6,
            "135000.0": 3,
            "73000.0": 3,
            "103000.0": 1
        },
        "num_reqs_per_sec": {
            "1704323281": 2,
            "1704323282": 2,
            "1704323285": 10,
            "1704323283": 9,
            "1704323284": 2,
            "1704323286": 3,
            "1704323287": 6,
            "1704323288": 3,
            "1704323289": 9,
            "1704323290": 4,
            "1704323291": 7,
            "1704323292": 7,
            "1704323293": 8,
            "1704323294": 10,
            "1704323295": 6,
            "1704323296": 9,
            "1704323297": 9,
            "1704323298": 7,
            "1704323299": 9,
            "1704323300": 2,
            "1704323301": 7,
            "1704323302": 7,
            "1704323303": 14,
            "1704323304": 4,
            "1704323306": 17,
            "1704323305": 6,
            "1704323307": 7,
            "1704323308": 7,
            "1704323309": 8,
            "1704323310": 6,
            "1704323311": 12,
            "1704323312": 12,
            "1704323313": 6,
            "1704323314": 9,
            "1704323315": 8,
            "1704323316": 9,
            "1704323318": 6,
            "1704323317": 4,
            "1704323320": 13,
            "1704323319": 9,
            "1704323321": 5,
            "1704323322": 6,
            "1704323323": 8,
            "1704323324": 7,
            "1704323325": 10,
            "1704323327": 6,
            "1704323326": 5,
            "1704323328": 8,
            "1704323329": 15,
            "1704323330": 5,
            "1704323331": 10,
            "1704323332": 8,
            "1704323333": 10,
            "1704323336": 5,
            "1704323335": 10,
            "1704323334": 8,
            "1704323337": 5,
            "1704323339": 8,
            "1704323338": 4,
            "1704323340": 14,
            "1704323341": 5,
            "1704323342": 5,
            "1704323343": 7,
            "1704323344": 9,
            "1704323345": 4,
            "1704323347": 7,
            "1704323346": 7,
            "1704323348": 6,
            "1704323350": 9,
            "1704323351": 3,
            "1704323349": 5,
            "1704323352": 12,
            "1704323353": 7,
            "1704323354": 10,
            "1704323356": 15,
            "1704323357": 6,
            "1704323355": 3,
            "1704323359": 17,
            "1704323360": 9,
            "1704323358": 9,
            "1704323361": 14,
            "1704323362": 10,
            "1704323363": 9,
            "1704323365": 8,
            "1704323366": 6,