{
    "name": "/api/ni?lower=0&upper=3.1459",
        "method": "GET",
        "last_request_timestamp": 1704286673.8145409,
        "start_time": 1704286494.6621268,
        "num_requests": 244922,
        "num_none_requests": 0,
        "num_failures": 237859,
        "total_response_time": 393678347.293105,
        "max_response_time": 90796.6879879823,
        "min_response_time": 6.04480697074905,
        "total_content_length": 819308,
        "response_times": {
            "1400.0": 23577,
            "720.0": 975,
            "1800.0": 1297,
            "1200.0": 11187,
            "680.0": 949,
            "780.0": 1454,
            "1000.0": 5533,
            "970.0": 1335,
            "3500.0": 172,
            "2800.0": 100,
            "1100.0": 9948,
            "1600.0": 8419,
            "2000.0": 141,
            "2200.0": 670,
            "3400.0": 122,
            "3700.0": 35,
            "1500.0": 17360,
            "2300.0": 360,
            "3000.0": 15,
            "4700.0": 22,
            "2700.0": 109,
            "4000.0": 10,
            "4300.0": 87,
            "5000.0": 10,
            "2600.0": 128,
            "2400.0": 320,
            "3100.0": 113,
            "6600.0": 5,
            "4400.0": 106,
            "6000.0": 8,
            "5100.0": 11,
            "5500.0": 79,
            "5800.0": 6,
            "3800.0": 11,
            "7000.0": 4,
            "4200.0": 131,
            "4600.0": 50,
            "6400.0": 6,
            "6700.0": 5,
            "4800.0": 7,
            "8000.0": 6,
            "5400.0": 63,
            "6300.0": 6,
            "7400.0": 28,
            "43": 747,
            "45": 674,
            "44": 732,
            "46": 669,
            "7900.0": 13,
            "33": 625,
            "34": 664,
            "50": 413,
            "51": 394,
            "55": 357,
            "54": 349,
            "38": 772,
            "39": 966,
            "41": 847,
            "42": 787,
            "48": 484,
            "49": 464,
            "37": 730,
            "36": 758,
            "8200.0": 9,
            "40": 892,
            "47": 589,
            "6500.0": 8,
            "6800.0": 5,
            "160.0": 1019,
            "170.0": 1116,
            "23": 429,
            "24": 434,
            "35": 657,
            "30": 495,
            "59": 330,
            "60": 370,
            "61": 403,
            "63": 406,
            "65": 416,
            "70": 327,
            "67": 406,
            "74": 309,
            "68": 360,
            "71": 325,
            "87": 308,
            "69": 345,
            "66": 418,
            "130.0": 1799,
            "120.0": 2168,
            "140.0": 1361,
            "150.0": 1075,
            "62": 350,
            "64": 371,
            "53": 382,
            "56": 324,
            "58": 367,
            "57": 359,
            "52": 366,
            "7500.0": 58,
            "72": 338,
            "77": 266,
            "14": 710,
            "16": 620,
            "12": 712,
            "18": 560,
            "19": 469,
            "15": 620,
            "22": 433,
            "17": 571,
            "25": 415,
            "26": 457,
            "27": 482,
            "28": 474,
            "20": 475,
            "21": 425,
            "11": 650,
            "13": 725,
            "8": 274,
            "10": 496,
            "9": 444,
            "29": 488,
            "32": 615,
            "94": 360,
            "180.0": 1111,
            "190.0": 1121,
            "200.0": 1043,
            "210.0": 925,
            "220.0": 761,
            "240.0": 619,
            "88": 321,
            "89": 304,
            "95": 369,
            "91": 297,
            "86": 275,
            "84": 255,
            "93": 330,
            "85": 306,
            "92": 327,
            "100": 1472,
            "110.0": 2036,
            "96": 349,
            "90": 337,
            "98": 294,
            "99": 293,
            "73": 296,
            "75": 311,
            "97": 346,
            "230.0": 633,
            "250.0": 651,
            "7": 118,
            "6": 11,
            "76": 243,
            "81": 260,
            "83": 250,
            "78": 243,
            "79": 276,
            "82": 261,
            "80": 241,
            "5700.0": 25,
            "31": 538,
            "6100.0": 6,
            "7200.0": 43,
            "9600.0": 10,
            "8800.0": 10,
            "9300.0": 2,
            "10000.0": 30,
            "7800.0": 8,
            "8500.0": 7,
            "9000.0": 8,
            "9100.0": 2,
            "7600.0": 65,
            "9200.0": 11,
            "12000.0": 58,
            "11000.0": 173,
            "14000.0": 60,
            "13000.0": 56,
            "1300.0": 12241,
            "8100.0": 6,
            "270.0": 661,
            "260.0": 707,
            "8900.0": 5,
            "9500.0": 5,
            "3200.0": 206,
            "16000.0": 141,
            "17000.0": 167,
            "290.0": 761,
            "300.0": 784,
            "310.0": 871,
            "320.0": 887,
            "1900.0": 176,
            "15000.0": 147,
            "2100.0": 423,
            "3900.0": 7,
            "3300.0": 163,
            "280.0": 745,
            "430.0": 736,
            "480.0": 833,
            "490.0": 738,
            "330.0": 885,
            "350.0": 869,
            "360.0": 902,
            "370.0": 798,
            "380.0": 959,
            "390.0": 978,
            "400.0": 953,
            "410.0": 887,
            "18000.0": 238,
            "340.0": 731,
            "19000.0": 231,
            "420.0": 825,
            "440.0": 795,
            "460.0": 730,
            "470.0": 734,
            "500.0": 797,
            "450.0": 739,
            "530.0": 916,
            "5900.0": 4,
            "510.0": 927,
            "520.0": 995,
            "560.0": 1020,
            "580.0": 1128,
            "610.0": 847,
            "540.0": 905,
            "20000.0": 191,
            "570.0": 1126,
            "550.0": 964,
            "3600.0": 75,
            "4500.0": 127,
            "5600.0": 54,
            "7300.0": 65,
            "21000.0": 123,
            "690.0": 1080,
            "710.0": 1113,
            "670.0": 897,
            "700.0": 991,
            "740.0": 1181,
            "660.0": 945,
            "650.0": 853,
            "8300.0": 2,
            "22000.0": 148,
            "600.0": 965,
            "620.0": 914,
            "590.0": 1014,
            "8700.0": 3,
            "23000.0": 180,
            "6200.0": 6,
            "2500.0": 289,
            "730.0": 1095,
            "750.0": 1115,
            "760.0": 1280,
            "770.0": 1442,
            "790.0": 1479,
            "640.0": 898,
            "6900.0": 5,
            "7700.0": 32,
            "630.0": 1021,
            "830.0": 1221,
            "800.0": 1412,
            "810.0": 1352,
            "850.0": 1325,
            "820.0": 1360,
            "24000.0": 201,
            "920.0": 1729,
            "930.0": 1723,
            "960.0": 1338,
            "940.0": 1451,
            "950.0": 1516,
            "980.0": 1177,
            "990.0": 1124,
            "900.0": 1317,
            "880.0": 1549,
            "910.0": 1447,
            "840.0": 1399,
            "860.0": 1375,
            "870.0": 1361,
            "25000.0": 278,
            "890.0": 1433,
            "9900.0": 5,
            "26000.0": 357,
            "2900.0": 43,
            "1700.0": 4032,
            "27000.0": 374,
            "28000.0": 381,
            "5200.0": 86,
            "29000.0": 352,
            "30000.0": 317,
            "31000.0": 349,
            "32000.0": 330,
            "9800.0": 5,
            "34000.0": 274,
            "33000.0": 308,
            "35000.0": 198,
            "36000.0": 192,
            "37000.0": 236,
            "7100.0": 2,
            "38000.0": 138,