{
    "name": "/ni?lower=0&upper=3.1459",
        "method": "GET",
        "last_request_timestamp": 1704285482.9650798,
        "start_time": 1704285304.0256407,
        "num_requests": 6767,
        "num_none_requests": 0,
        "num_failures": 5878,
        "total_response_time": 613352149.4386078,
        "max_response_time": 161474.9921320472,
        "min_response_time": 359.72671397030354,
        "total_content_length": 99568,
        "response_times": {
            "360.0": 1,
            "1500.0": 2,
            "1700.0": 1,
            "370.0": 1,
            "2300.0": 3,
            "4500.0": 1,
            "2700.0": 2,
            "3200.0": 1,
            "3400.0": 1,
            "4400.0": 2,
            "4600.0": 1,
            "3100.0": 1,
            "3500.0": 1,
            "3800.0": 1,
            "6400.0": 1,
            "6700.0": 1,
            "5600.0": 3,
            "6300.0": 1,
            "7000.0": 1,
            "5400.0": 1,
            "5500.0": 1,
            "6000.0": 2,
            "6100.0": 1,
            "6600.0": 1,
            "7300.0": 1,
            "7600.0": 1,
            "8400.0": 1,
            "9300.0": 1,
            "8200.0": 1,
            "9800.0": 1,
            "11000.0": 29,
            "12000.0": 67,
            "13000.0": 36,
            "14000.0": 36,
            "17000.0": 44,
            "16000.0": 47,
            "15000.0": 42,
            "18000.0": 142,
            "19000.0": 83,
            "20000.0": 68,
            "21000.0": 48,
            "22000.0": 18,
            "23000.0": 33,
            "24000.0": 17,
            "25000.0": 34,
            "26000.0": 64,
            "27000.0": 43,
            "28000.0": 110,
            "29000.0": 110,
            "30000.0": 84,
            "31000.0": 116,
            "32000.0": 122,
            "33000.0": 66,
            "34000.0": 55,
            "35000.0": 38,
            "36000.0": 26,
            "37000.0": 39,
            "38000.0": 32,
            "40000.0": 26,
            "41000.0": 25,
            "39000.0": 38,
            "46000.0": 5,
            "44000.0": 17,
            "47000.0": 8,
            "42000.0": 18,
            "43000.0": 11,
            "48000.0": 4,
            "10000.0": 117,
            "50000.0": 3,
            "53000.0": 1,
            "45000.0": 21,
            "8700.0": 1,
            "51000.0": 3,
            "54000.0": 18,
            "52000.0": 14,
            "55000.0": 27,
            "62000.0": 3,
            "65000.0": 6,
            "60000.0": 26,
            "67000.0": 3,
            "70000.0": 98,
            "64000.0": 3,
            "63000.0": 4,
            "49000.0": 6,
            "66000.0": 2,
            "95000.0": 8,
            "68000.0": 7,
            "77000.0": 6,
            "104000.0": 13,
            "93000.0": 36,
            "76000.0": 6,
            "112000.0": 89,
            "111000.0": 72,
            "110000.0": 126,
            "115000.0": 78,
            "113000.0": 73,
            "57000.0": 1,
            "109000.0": 75,
            "108000.0": 95,
            "114000.0": 25,
            "119000.0": 24,
            "56000.0": 11,
            "86000.0": 55,
            "92000.0": 2,
            "126000.0": 4,
            "107000.0": 8,
            "59000.0": 10,
            "129000.0": 11,
            "117000.0": 14,
            "116000.0": 31,
            "135000.0": 583,
            "136000.0": 768,
            "132000.0": 14,
            "133000.0": 672,
            "96000.0": 1,
            "97000.0": 6,
            "61000.0": 1,
            "88000.0": 42,
            "134000.0": 762,
            "87000.0": 93,
            "89000.0": 54,
            "91000.0": 43,
            "71000.0": 90,
            "69000.0": 62,
            "72000.0": 41,
            "103000.0": 49,
            "106000.0": 70,
            "9900.0": 1,
            "85000.0": 50,
            "74000.0": 2,
            "75000.0": 1,
            "9700.0": 40,
            "100000.0": 3,
            "79000.0": 9,
            "58000.0": 13,
            "94000.0": 9,
            "73000.0": 2,
            "121000.0": 2,
            "90000.0": 47,
            "161000.0": 3,
            "137000.0": 26,
            "128000.0": 24,
            "122000.0": 59,
            "118000.0": 29,
            "98000.0": 2,
            "84000.0": 3,
            "144000.0": 10,
            "9200.0": 6
        },
        "num_reqs_per_sec": {
            "1704285304": 2,
            "1704285305": 4,
            "1704285308": 4,
            "1704285306": 6,
            "1704285307": 3,
            "1704285310": 4,
            "1704285309": 9,
            "1704285311": 3,
            "1704285312": 2,
            "1704285313": 1,
            "1704285314": 1,
            "1704285315": 2,
            "1704285316": 8,
            "1704285317": 6,
            "1704285320": 10,
            "1704285319": 1,
            "1704285318": 1,
            "1704285321": 3,
            "1704285322": 2,
            "1704285323": 67,
            "1704285325": 16,
            "1704285326": 11,
            "1704285324": 4,
            "1704285327": 5,
            "1704285328": 16,
            "1704285329": 5,
            "1704285330": 8,
            "1704285331": 10,
            "1704285332": 5,
            "1704285334": 5,
            "1704285333": 2,
            "1704285335": 3,
            "1704285336": 48,
            "1704285337": 4,
            "1704285338": 18,
            "1704285339": 52,
            "1704285340": 10,
            "1704285341": 7,
            "1704285344": 4,
            "1704285343": 4,
            "1704285342": 4,
            "1704285346": 34,
            "1704285345": 4,
            "1704285347": 5,
            "1704285348": 14,
            "1704285349": 9,
            "1704285350": 4,
            "1704285351": 63,
            "1704285353": 13,
            "1704285352": 2,
            "1704285354": 5,
            "1704285355": 19,
            "1704285356": 6,
            "1704285359": 63,
            "1704285357": 3,
            "1704285358": 4,
            "1704285360": 8,
            "1704285361": 6,
            "1704285362": 9,
            "1704285363": 9,
            "1704285364": 4,
            "1704285365": 3,
            "1704285366": 7,
            "1704285367": 42,
            "1704285368": 5,
            "1704285369": 25,
            "1704285370": 3,
            "1704285371": 28,
            "1704285372": 55,
            "1704285373": 12,
            "1704285374": 7,
            "1704285376": 27,
            "1704285377": 49,
            "1704285375": 3,
            "1704285378": 8,
            "1704285380": 10,
            "1704285379": 6,
            "1704285382": 38,
            "1704285383": 4,
            "1704285381": 3,
            "1704285384": 4,
            "1704285385": 25,
            "1704285386": 8,
            "1704285387": 6,
            "1704285388": 7,
            "1704285389": 7,
            "1704285390": 4,
            "1704285392": 57,
            "1704285391": 7,
            "1704285394": 6,
            "1704285393": 6,
            "1704285395": 16,
            "1704285396": 7,
            "1704285397": 5,
            "1704285398": 1,
            "1704285399": 7,
            "1704285401": 41,
            "1704285400": 5,
            "1704285402": 38,
            "1704285403": 10,
            "1704285404": 7,
            "1704285405": 17,
            "1704285406": 9,
            "1704285407": 3,
            "1704285409": 11,
            "1704285408": 13,
            "1704285410": 13,
            "1704285411": 9,
            "1704285413": 11,
            "1704285412": 9,
            "1704285414": 16,
            "1704285415": 4,
            "1704285416": 6,
            "1704285417": 18,
            "1704285419": 15,
            "1704285418": 4,
            "1704285420": 51,
            "1704285421": 12,
            "1704285422": 3,
            "1704285424": 341,
            "1704285425": 7,